date,Min RTT,Connection Loss rate,MeanThroughput,test
2022-08-08,61.39595699,0.022359159,52.08002827,744
2022-08-09,51.06885234,0.019954657,46.73825577,684
2022-08-10,55.67557081,0.022429305,50.38438387,692
2022-08-11,49.69371609,0.020309881,55.70229807,634
2022-08-12,68.41900306,0.020905528,47.06814593,654
2022-08-13,60.38740455,0.023914177,56.60505464,571
2022-08-14,59.50407681,0.023291585,57.10657501,703
2022-08-15,52.11589367,0.028308792,50.36744566,743
2022-08-16,53.15727497,0.024861925,52.7839919,731
2022-08-17,53.91772981,0.022309577,49.21668752,681
2022-08-18,67.36998127,0.02897661,46.49719311,695
2022-08-19,52.60115978,0.02796501,57.57602225,726
2022-08-20,58.04331106,0.02289705,47.37284602,913
2022-08-21,62.04322296,0.029848031,52.2046555,601
2022-08-22,53.30838732,0.028309767,51.79387893,852
2022-08-23,66.59219772,0.027359478,49.33685879,703
2022-08-24,64.72639816,0.023893279,48.08627274,653
2022-08-25,76.76324464,0.029855114,41.9999946,699
2022-08-26,79.83144122,0.022106402,38.71647815,757
2022-08-27,76.93720166,0.024135986,40.52680387,724
2022-08-28,83.77989004,0.020365301,42.71296586,773
2022-08-29,86.6869197,0.021321946,39.98058522,797
2022-08-30,77.14831011,0.02319757,47.4752571,734
2022-08-31,77.36289428,0.020744587,41.4492269,804
2022-09-01,77.30197524,0.022345801,50.66931967,729
2022-09-02,64.50532457,0.026568459,51.8922836,875
2022-09-03,80.09692799,0.019374499,47.46370408,736
2022-09-04,80.21727625,0.022233375,54.51588057,619
2022-09-05,75.15188281,0.023050284,55.37952959,640
2022-09-06,92.4089035,0.027284221,46.52449251,715
2022-09-07,84.84844707,0.032981693,49.83280872,803
2022-09-08,87.46969189,0.032036738,43.63480757,912
2022-09-09,86.500979,0.037497788,43.92359399,762
2022-09-10,92.42154069,0.02431806,44.55984448,898
2022-09-11,87.0429547,0.022944727,43.28814778,905
2022-09-12,105.0382558,0.034527406,38.0780312,945
2022-09-13,107.7810885,0.029658987,37.08659808,972
2022-09-14,97.22305852,0.027257202,48.45344026,974
2022-09-15,94.58960549,0.028659829,37.63659172,1059
2022-09-16,96.40568563,0.030982551,40.0842231,967
2022-09-17,96.904634,0.023251278,48.15450527,1000
2022-09-18,104.4371798,0.026689715,36.28381116,864
2022-09-19,105.0020936,0.028881458,42.66028826,1005
2022-09-20,99.70878592,0.025452998,47.3695433,1051
2022-09-21,98.58994141,0.02327901,44.30039081,990
2022-09-22,92.84050462,0.030255392,50.43469833,973
2022-09-23,83.79057064,0.026134572,44.16795505,906
2022-09-24,88.13747727,0.027667829,54.39349434,749
2022-09-25,85.64068594,0.025947791,42.52056026,882
2022-09-26,88.78764995,0.022914963,44.92306652,937
2022-09-27,100.5681023,0.02861198,40.69510941,929
2022-09-28,87.9446056,0.023646091,46.85841855,928
2022-09-29,87.39337531,0.026131692,49.67330946,802
2022-09-30,89.06045455,0.027304246,48.32052206,913
2022-10-01,75.15226334,0.031133742,48.09723684,862
2022-10-02,79.5293474,0.030964978,47.25691593,1020
2022-10-03,83.77700203,0.026069455,44.49490179,983
2022-10-04,86.61079917,0.028674463,43.98706196,966
2022-10-05,95.90382631,0.027126309,39.98598314,996
2022-10-06,92.28212069,0.029157448,45.33361054,986
2022-10-07,96.72653647,0.029871333,41.51487098,1084
2022-10-08,79.82826068,0.032182395,44.2500187,937
2022-10-09,111.8271233,0.028627711,39.55676878,1249
2022-10-10,88.97015597,0.026467855,38.32083107,1013
2022-10-11,76.32871032,0.025184561,48.57515025,902
2022-10-12,74.74379239,0.028204291,44.50199846,974
2022-10-13,77.32135273,0.030609608,46.69800363,842
2022-10-14,72.48890438,0.045738888,40.93318762,868
2022-10-15,75.54506815,0.027236477,48.45758289,807
2022-10-16,73.99209375,0.029702898,49.28889052,768
2022-10-17,82.42254232,0.029122965,44.27242821,898
2022-10-18,80.38893743,0.036477306,44.34389637,879
2022-10-19,71.93345016,0.035193417,46.30335503,953
2022-10-20,70.58303504,0.037016877,45.70128265,1000
2022-10-21,76.76923402,0.037999309,48.97666215,923
2022-10-22,74.31120337,0.027360037,44.26590531,832
2022-10-23,71.71491832,0.031721255,43.83241684,906
2022-10-24,60.86717261,0.052924435,46.63054718,869
2022-10-25,63.2265993,0.035036821,46.55471847,861
2022-10-26,75.8998328,0.030748916,42.91013835,933
2022-10-27,86.39660203,0.031046381,40.41960463,1083
2022-10-28,82.32955504,0.027774577,50.52215067,1072
2022-10-29,98.34055398,0.026936832,45.12567945,1057
2022-10-30,90.34968435,0.024623782,42.67746268,1131
2022-10-31,94.81421888,0.033962525,37.42619887,1229
2022-11-01,83.21734759,0.0300996,45.02251405,1263
2022-11-02,70.42988132,0.025514685,45.7043836,1028
2022-11-03,85.41205325,0.039803362,40.50572525,1108
2022-11-04,83.61708415,0.033028302,46.05861835,915
2022-11-05,70.5311931,0.029036642,47.37018393,870
2022-11-06,75.74567853,0.030050842,41.86046612,899
2022-11-07,73.11728203,0.029704562,47.28948834,1046
2022-11-08,81.01468837,0.0357907,40.5139097,1075
2022-11-09,87.75404253,0.041883642,39.61313888,964
2022-11-10,75.53431244,0.032611065,42.77030954,1021
2022-11-11,72.57015936,0.039517039,40.62070111,1004
2022-11-12,79.69549072,0.031428937,45.98616557,862
2022-11-13,77.43836159,0.044890873,41.66443605,932
2022-11-14,69.07123855,0.038406424,42.02594458,939
2022-11-15,75.90979372,0.04868951,41.19431369,955
2022-11-16,74.79732164,0.042838471,42.1651379,827
2022-11-17,94.13288776,0.038071694,38.58232378,980
2022-11-18,109.7862839,0.035171416,36.11699172,1152
2022-11-19,93.79021167,0.02369476,39.5909103,1063
2022-11-20,77.08384685,0.029050397,38.55544383,999
2022-11-21,87.75233507,0.027800291,38.62410483,961
2022-11-22,79.39514844,0.035739247,44.91399871,896
2022-11-23,92.86475073,0.044496693,41.11988376,686
2022-11-24,91.31844334,0.037161269,29.38977584,706
2022-11-25,98.05364882,0.037371101,37.61853578,804
2022-11-26,82.60810626,0.03532185,43.8444517,847
2022-11-27,89.46124923,0.034296241,40.07753069,971
2022-11-28,98.17708046,0.031789839,41.04775689,958
2022-11-29,94.1717678,0.032294374,39.97414974,969
2022-11-30,82.13105027,0.033400458,39.60834896,915
2022-12-01,91.45180038,0.030048073,37.3484134,1062
2022-12-02,95.07738095,0.029715241,39.5963113,1158
